{
  "accuracy": 0.5278,
  "f1": 0.4902,
  "confusion_matrix": [
    [
      9,
      1,
      2
    ],
    [
      5,
      2,
      5
    ],
    [
      2,
      2,
      8
    ]
  ],
  "fold_accs": [
    0.3333333333333333,
    0.3333333333333333,
    0.3333333333333333,
    0.3333333333333333,
    0.6666666666666666,
    0.6666666666666666,
    1.0,
    1.0,
    0.0,
    0.3333333333333333,
    0.6666666666666666,
    0.6666666666666666
  ]
}